SampleFold_ID,Label,Edge_1,Edge_2,Edge_3,Edge_4,Edge_5,Edge_6,Edge_7,Edge_8,Edge_9,Edge_10,Wrinkle_1,Wrinkle_2,Wrinkle_3,Wrinkle_4,Wrinkle_5
HOPG2-fold-1,0.0,5.09,63.06,5.07,,,,,,,,67.64,61.37,68.03,,
HOPG2-fold-2,0.0,3.75,54.21,3.77,,,,,,,,58.8,70.21,59.19,,
SF1-fold-1,1.0,60.08,27.0,59.09,72.77,27.8,34.16,59.38,57.97,62.02,65.39,,,,,
SF2-fold-1,1.0,61.6,29.28,1.34,32.45,57.88,60.73,60.54,1.16,,,,,,,
SF2-fold-2,0.0,68.39,22.47,5.36,25.31,48.08,68.07,65.79,5.73,,,,,,,
SF5-fold-1,0.0,88.05,88.07,66.21,76.69,85.94,2.13,,,,,0.65,11.95,,,
SF5-fold-2,0.0,82.26,86.13,60.41,70.9,88.24,7.93,,,,,5.15,17.75,,,
D2S1-fold-1,1.0,61.71,62.0,29.21,59.32,80.62,,,,,,47.94,0.26,,,
D2S2-fold-1,0.0,26.14,68.05,89.03,,,,,,,,17.72,,,,
D2S2-fold-2,0.0,56.12,38.27,61.0,,,,,,,,48.39,,,,
D2S3-fold-1,0.0,62.05,55.11,,,,,,,,,,,,,
D2S3-fold-2,0.0,47.51,69.65,,,,,,,,,,,,,
D3S3-fold-1,0.0,62.53,,,,,,,,,,,,,,
B1S3-fold-1,1.0,56.26,,,,,,,,,,58.72,61.45,61.93,66.98,33.97
B1S6-fold-1,0.0,2.95,39.73,,,,,,,,,,,,,
B1S6-fold-2,0.0,7.6,29.3,,,,,,,,,,,,,
B1S7-fold-1,0.0,81.48,,,,,,,,,,8.35,,,,
B1S10-fold-1,0.0,2.26,61.4,,,,,,,,,,,,,
B2S1-fold-1,0.0,62.68,,,,,,,,,,25.75,,,,
B2S2-fold-1,1.0,31.0,60.22,,,,,,,,,61.11,1.7,,,
B2S2-fold-2,1.0,29.32,61.9,,,,,,,,,62.79,3.37,,,
B2S3-fold-1,1.0,61.09,60.2,,,,,,,,,,,,,
B2S4-fold-1,1.0,59.77,19.55,,,,,,,,,,,,,
B2S5-fold-1,1.0,60.29,32.72,,,,,,,,,,,,,
B2S6-fold-1,0.0,,,,,,,,,,,59.7,58.91,,,
B3S1-fold-1,1.0,60.06,61.08,,,,,,,,,,,,,
B3S2-fold-1,0.0,63.05,,,,,,,,,,,,,,
B3S3-fold-1,1.0,59.74,4.01,,,,,,,,,,,,,
B3S5-fold-1,1.0,59.12,,,,,,,,,,58.79,59.21,,,
B3S6-fold-1,0.0,86.94,,,,,,,,,,84.0,30.0,,,
B4S1-fold-1,0.0,64.34,59.85,1.23,2.0,,,,,,,67.1,1.41,,,
B4S2-fold-1,0.0,57.83,32.3,30.51,28.59,,,,,,,48.22,37.14,,,
B4S3-fold-1,1.0,58.95,,,,,,,,,,,,,,
B4S4-fold-1,0.0,53.92,54.09,,,,,,,,,,,,,
B4S5-fold-1,1.0,58.51,29.34,,,,,,,,,,,,,
B4S6-fold-1,0.0,57.65,28.25,,,,,,,,,,,,,
B5S1-fold-1,1.0,57.06,1.09,,,,,,,,,1.08,56.94,,,
B5S2-fold-1,1.0,38.4,2.56,56.41,56.52,63.51,,,,,,,,,,
B5S3-fold-1,1.0,59.26,,,,,,,,,,,,,,
B5S4-fold-1,0.0,61.32,59.27,56.36,79.53,28.74,,,,,,,,,,
B5S5-fold-1,1.0,60.01,62.26,59.11,,,,,,,,,,,,
B5S6-fold-1,1.0,6.99,61.2,60.12,59.47,,,,,,,,,,,
